PLANT;CUST_CODE;CUST_NAME;COUNTRY;ZONE;MARKET;AREA
71;C1;Customer name:C1;I;01;GDO;ITA
71;C2;Customer name:C2;I;01;GDO;ITA
71;C3;Customer name:C3;I;01;GDO;ITA
71;C4;Customer name:C4;I;01;GDO;ITA
71;C5;Customer name:C5;I;01;GDO;ITA
71;C6;Customer name:C6;CH;03;GDO;EST
71;C7;Customer name:C7;F;02;GDO;EST
71;C8;Customer name:C8;I;01;GDO;ITA
71;C9;Customer name:C9;I;01;GDO;ITA
71;C10;Customer name:C10;I;01;GDO;ITA
71;C11;Customer name:C11;I;01;GDO;ITA
71;C12;Customer name:C12;I;01;GDO;ITA
71;C13;Customer name:C13;DE;02;GDO;EST
71;C14;Customer name:C14;GB;02;GDO;EST
71;C15;Customer name:C15;CH;03;GDO;EST
71;C16;Customer name:C16;I;01;GDO;ITA
71;C17;Customer name:C17;I;01;GDO;ITA
71;C18;Customer name:C18;I;01;GDO;ITA
71;C19;Customer name:C19;I;01;GDO;ITA
71;C20;Customer name:C20;I;01;GDO;ITA
71;C21;Customer name:C21;P;02;GDO;EST
71;C22;Customer name:C22;I;01;GDO;ITA
71;C23;Customer name:C23;USA;03;GDO;EST
71;C24;Customer name:C24;CH;03;GDO;EST
71;C25;Customer name:C25;I;01;GDO;ITA
71;C26;Customer name:C26;CH;03;GDO;EST
71;C27;Customer name:C27;I;01;GDO;ITA
71;C28;Customer name:C28;CH;03;GDO;EST
71;C29;Customer name:C29;I;01;GDO;ITA
71;C30;Customer name:C30;I;01;GDO;ITA
71;C31;Customer name:C31;I;01;GDO;ITA
71;C32;Customer name:C32;F;02;GDO;EST
71;C33;Customer name:C33;F;02;GDO;EST
71;C34;Customer name:C34;CH;03;GDO;EST
71;C35;Customer name:C35;I;01;GDO;ITA
71;C36;Customer name:C36;I;01;GDO;ITA
71;C37;Customer name:C37;I;01;GDO;ITA
71;C38;Customer name:C38;CH;03;GDO;EST
71;C39;Customer name:C39;I;01;GDO;ITA
71;C40;Customer name:C40;I;01;GDO;ITA
71;C41;Customer name:C41;I;01;GDO;ITA
71;C42;Customer name:C42;I;01;GDO;ITA
71;C43;Customer name:C43;I;01;GDO;ITA
71;C44;Customer name:C44;I;01;GDO;ITA
71;C46;Customer name:C46;BG;02;GDO;EST
71;C47;Customer name:C47;CH;03;GDO;EST
71;C48;Customer name:C48;I;01;GDO;ITA
71;C49;Customer name:C49;I;01;GDO;ITA
71;C50;Customer name:C50;I;01;GDO;ITA
71;C51;Customer name:C51;I;01;GDO;ITA
71;C52;Customer name:C52;I;01;GDO;ITA
71;C53;Customer name:C53;I;01;GDO;ITA
71;C54;Customer name:C54;I;01;GDO;ITA
71;C55;Customer name:C55;I;01;GDO;ITA
71;C56;Customer name:C56;CH;03;GDO;EST
71;C57;Customer name:C57;CH;03;GDO;EST
71;C58;Customer name:C58;I;01;GDO;ITA
71;C59;Customer name:C59;I;01;GDO;ITA
71;C60;Customer name:C60;I;01;GDO;ITA
71;C61;Customer name:C61;F;02;GDO;EST
71;C62;Customer name:C62;I;01;GDO;ITA
71;C65;Customer name:C65;R;02;GDO;EST
71;C66;Customer name:C66;I;01;GDO;ITA
71;C67;Customer name:C67;I;01;GDO;ITA
71;C68;Customer name:C68;I;01;GDO;ITA
71;C69;Customer name:C69;I;01;GDO;ITA
71;C70;Customer name:C70;B;02;GDO;EST
71;C71;Customer name:C71;I;01;GDO;ITA
71;C72;Customer name:C72;I;01;GDO;ITA
71;C73;Customer name:C73;I;01;GDO;ITA
71;C74;Customer name:C74;D;02;GDO;EST
71;C75;Customer name:C75;ISR;03;GDO;EST
71;C76;Customer name:C76;I;01;GDO;ITA
71;C77;Customer name:C77;CH;03;GDO;EST
71;C78;Customer name:C78;RL;03;GDO;EST
71;C79;Customer name:C79;I;01;GDO;ITA
71;C80;Customer name:C80;CH;03;GDO;EST
71;C81;Customer name:C81;F;02;GDO;EST
71;C82;Customer name:C82;I;01;GDO;ITA
71;C83;Customer name:C83;I;01;GDO;ITA
71;C84;Customer name:C84;D;02;GDO;EST
71;C85;Customer name:C85;I;01;GDO;ITA
71;C86;Customer name:C86;I;01;GDO;ITA
71;C88;Customer name:C88;CH;03;GDO;EST
71;C89;Customer name:C89;I;01;GDO;ITA
71;C90;Customer name:C90;I;01;GDO;ITA
71;C91;Customer name:C91;F;02;GDO;EST
71;C92;Customer name:C92;I;01;GDO;ITA
71;C94;Customer name:C94;I;01;GDO;ITA
71;C95;Customer name:C95;GB;02;GDO;EST
71;C96;Customer name:C96;I;01;GDO;ITA
71;C97;Customer name:C97;I;01;GDO;ITA
71;C98;Customer name:C98;I;01;GDO;ITA
71;C99;Customer name:C99;F;02;GDO;EST
71;C100;Customer name:C100;I;01;GDO;ITA
71;C101;Customer name:C101;I;01;GDO;ITA
71;C102;Customer name:C102;I;01;GDO;ITA
71;C103;Customer name:C103;I;01;GDO;ITA
71;C104;Customer name:C104;P;02;GDO;EST
71;C105;Customer name:C105;CH;03;GDO;EST
71;C106;Customer name:C106;I;01;GDO;ITA
71;C107;Customer name:C107;USA;03;GDO;EST
71;C108;Customer name:C108;I;01;GDO;ITA
71;C109;Customer name:C109;I;01;GDO;ITA
71;C110;Customer name:C110;ISR;03;GDO;EST
71;C111;Customer name:C111;I;01;GDO;ITA
71;C112;Customer name:C112;I;01;GDO;ITA
71;C113;Customer name:C113;I;01;GDO;ITA
71;C114;Customer name:C114;I;01;GDO;ITA
71;C115;Customer name:C115;I;01;GDO;ITA
71;C116;Customer name:C116;I;01;GDO;ITA
71;C117;Customer name:C117;F;02;GDO;EST
71;C118;Customer name:C118;CH;03;GDO;EST
71;C119;Customer name:C119;D;02;GDO;EST
71;C120;Customer name:C120;I;01;GDO;ITA
71;C121;Customer name:C121;CH;03;GDO;EST
71;C122;Customer name:C122;I;01;GDO;ITA
71;C123;Customer name:C123;I;01;GDO;ITA
71;C124;Customer name:C124;F;02;GDO;EST
71;C125;Customer name:C125;I;01;GDO;ITA
71;C126;Customer name:C126;CH;03;GDO;EST
71;C127;Customer name:C127;I;01;GDO;ITA
71;C128;Customer name:C128;SF;02;GDO;EST
71;C129;Customer name:C129;I;01;GDO;ITA
71;C130;Customer name:C130;I;01;GDO;ITA
71;C131;Customer name:C131;I;01;GDO;ITA
71;C132;Customer name:C132;CH;03;GDO;EST
71;C133;Customer name:C133;I;01;GDO;ITA
71;C134;Customer name:C134;I;01;GDO;ITA
71;C135;Customer name:C135;I;01;GDO;ITA
71;C136;Customer name:C136;I;01;GDO;ITA
71;C137;Customer name:C137;I;01;GDO;ITA
71;C138;Customer name:C138;I;01;GDO;ITA
71;C139;Customer name:C139;F;02;GDO;EST
71;C140;Customer name:C140;I;01;GDO;ITA
71;C141;Customer name:C141;I;01;GDO;ITA
71;C142;Customer name:C142;I;01;GDO;ITA
71;C143;Customer name:C143;F;02;GDO;EST
71;C144;Customer name:C144;I;01;GDO;ITA
71;C145;Customer name:C145;I;01;GDO;ITA
71;C146;Customer name:C146;I;01;GDO;ITA
71;C147;Customer name:C147;I;01;GDO;ITA
71;C148;Customer name:C148;I;01;GDO;ITA
71;C149;Customer name:C149;CH;03;GDO;EST
71;C150;Customer name:C150;I;01;GDO;ITA
71;C151;Customer name:C151;F;02;GDO;EST
71;C152;Customer name:C152;I;01;GDO;ITA
71;C153;Customer name:C153;I;01;GDO;ITA
71;C154;Customer name:C154;D;02;GDO;EST
71;C155;Customer name:C155;I;01;GDO;ITA
71;C156;Customer name:C156;F;02;GDO;EST
71;C157;Customer name:C157;F;02;GDO;EST
71;C158;Customer name:C158;SI;02;GDO;EST
71;C159;Customer name:C159;I;01;GDO;ITA
71;C160;Customer name:C160;I;01;GDO;ITA
71;C161;Customer name:C161;I;01;GDO;ITA
71;C162;Customer name:C162;I;01;GDO;ITA
71;C163;Customer name:C163;I;01;GDO;ITA
71;C164;Customer name:C164;I;01;GDO;ITA
71;C165;Customer name:C165;I;01;GDO;ITA
71;C166;Customer name:C166;I;01;GDO;ITA
71;C167;Customer name:C167;I;01;GDO;ITA
71;C168;Customer name:C168;I;01;GDO;ITA
71;C169;Customer name:C169;I;01;GDO;ITA
71;C170;Customer name:C170;I;01;GDO;ITA
71;C171;Customer name:C171;D;02;GDO;EST
71;C172;Customer name:C172;CH;03;GDO;EST
71;C173;Customer name:C173;DK;02;GDO;EST
71;C174;Customer name:C174;I;01;GDO;ITA
71;C175;Customer name:C175;I;01;GDO;ITA
71;C176;Customer name:C176;I;01;GDO;ITA
71;C177;Customer name:C177;P;02;GDO;EST
71;C178;Customer name:C178;I;01;GDO;ITA
71;C179;Customer name:C179;I;01;GDO;ITA
71;C180;Customer name:C180;I;01;GDO;ITA
71;C181;Customer name:C181;RSM;02;GDO;EST
71;C182;Customer name:C182;I;01;GDO;ITA
71;C183;Customer name:C183;USA;03;GDO;EST
71;C184;Customer name:C184;I;01;GDO;ITA
71;C185;Customer name:C185;I;01;GDO;ITA
71;C186;Customer name:C186;TUR;03;GDO;EST
71;C187;Customer name:C187;F;02;GDO;EST
71;C188;Customer name:C188;I;01;GDO;ITA
71;C189;Customer name:C189;USA;03;GDO;EST
71;C190;Customer name:C190;SI;02;GDO;EST
71;C191;Customer name:C191;I;01;GDO;ITA
71;C192;Customer name:C192;USA;03;GDO;EST
71;C193;Customer name:C193;D;02;GDO;EST
71;C194;Customer name:C194;I;01;GDO;ITA
71;C195;Customer name:C195;I;01;GDO;ITA
71;C196;Customer name:C196;I;01;GDO;ITA
71;C197;Customer name:C197;I;01;GDO;ITA
71;C198;Customer name:C198;J;03;GDO;EST
71;C199;Customer name:C199;J;03;GDO;EST
71;C200;Customer name:C200;AUS;03;GDO;EST
71;C201;Customer name:C201;D;02;GDO;EST
71;C202;Customer name:C202;I;01;GDO;ITA
71;C203;Customer name:C203;USA;03;GDO;EST
71;C204;Customer name:C204;I;01;GDO;ITA
71;C205;Customer name:C205;I;01;GDO;ITA
71;C206;Customer name:C206;I;01;GDO;ITA
71;C207;Customer name:C207;I;01;GDO;ITA
71;C208;Customer name:C208;I;01;GDO;ITA
71;C209;Customer name:C209;I;01;GDO;ITA
71;C210;Customer name:C210;DK;02;GDO;EST
71;C211;Customer name:C211;GB;02;GDO;EST
71;C212;Customer name:C212;I;01;GDO;ITA
71;C213;Customer name:C213;I;01;GDO;ITA
71;C214;Customer name:C214;I;01;GDO;ITA
71;C215;Customer name:C215;I;01;GDO;ITA
71;C216;Customer name:C216;I;01;GDO;ITA
71;C217;Customer name:C217;CZ;02;GDO;EST
71;C218;Customer name:C218;F;02;GDO;EST
71;C219;Customer name:C219;SI;02;GDO;EST
71;C220;Customer name:C220;I;01;GDO;ITA
71;C221;Customer name:C221;I;01;GDO;ITA
71;C222;Customer name:C222;I;01;GDO;ITA
71;C223;Customer name:C223;I;01;GDO;ITA
71;C224;Customer name:C224;I;01;GDO;ITA
71;C225;Customer name:C225;I;01;GDO;ITA
71;C226;Customer name:C226;I;01;GDO;ITA
71;C227;Customer name:C227;CN;03;GDO;EST
71;C228;Customer name:C228;I;01;GDO;ITA
71;C229;Customer name:C229;USA;03;GDO;EST
71;C230;Customer name:C230;IND;03;GDO;EST
71;C231;Customer name:C231;I;01;GDO;ITA
71;C232;Customer name:C232;I;01;GDO;ITA
71;C233;Customer name:C233;I;01;GDO;ITA
71;C234;Customer name:C234;F;02;GDO;EST
71;C235;Customer name:C235;I;01;GDO;ITA
71;C236;Customer name:C236;NW;03;GDO;EST
71;C237;Customer name:C237;I;01;GDO;ITA
71;C238;Customer name:C238;I;01;GDO;ITA
71;C239;Customer name:C239;I;01;GDO;ITA
71;C240;Customer name:C240;I;01;GDO;ITA
71;C241;Customer name:C241;I;01;GDO;ITA
71;C242;Customer name:C242;I;01;GDO;ITA
71;C243;Customer name:C243;CH;03;GDO;EST
71;C244;Customer name:C244;TUR;03;GDO;EST
71;C245;Customer name:C245;ISR;03;GDO;EST
71;C246;Customer name:C246;IND;03;GDO;EST
71;C247;Customer name:C247;D;02;GDO;EST
71;C248;Customer name:C248;I;01;GDO;ITA
71;C249;Customer name:C249;I;01;GDO;ITA
71;C250;Customer name:C250;I;01;GDO;ITA
71;C251;Customer name:C251;CH;03;GDO;EST
71;C252;Customer name:C252;I;01;GDO;ITA
71;C253;Customer name:C253;P;02;GDO;EST
71;C254;Customer name:C254;P;02;GDO;EST
71;C255;Customer name:C255;F;02;GDO;EST
71;C256;Customer name:C256;I;01;GDO;ITA
71;C257;Customer name:C257;CH;03;GDO;EST
71;C258;Customer name:C258;GB;02;GDO;EST
71;C259;Customer name:C259;CDN;03;GDO;EST
71;C260;Customer name:C260;I;01;GDO;ITA
71;C261;Customer name:C261;RSM;02;GDO;EST
71;C262;Customer name:C262;I;01;GDO;ITA
71;C263;Customer name:C263;I;01;GDO;ITA
71;C264;Customer name:C264;I;01;GDO;ITA
71;C265;Customer name:C265;CZ;02;GDO;EST
71;C266;Customer name:C266;NL;02;GDO;EST
71;C267;Customer name:C267;AL;03;GDO;EST
71;C268;Customer name:C268;D;02;GDO;EST
71;C269;Customer name:C269;D;02;GDO;EST
71;C270;Customer name:C270;I;01;GDO;ITA
71;C271;Customer name:C271;I;01;GDO;ITA
71;C272;Customer name:C272;USA;03;GDO;EST
71;C273;Customer name:C273;CH;03;GDO;EST
71;C274;Customer name:C274;I;01;GDO;ITA
71;C275;Customer name:C275;I;01;GDO;ITA
71;C276;Customer name:C276;F;02;GDO;EST
71;C277;Customer name:C277;I;01;GDO;ITA
71;C278;Customer name:C278;I;01;GDO;ITA
71;C279;Customer name:C279;I;01;GDO;ITA
71;C280;Customer name:C280;I;01;GDO;ITA
71;C281;Customer name:C281;I;01;GDO;ITA
71;C282;Customer name:C282;I;01;GDO;ITA
71;C283;Customer name:C283;F;02;GDO;EST
71;C284;Customer name:C284;I;01;GDO;ITA
71;C285;Customer name:C285;I;01;GDO;ITA
71;C286;Customer name:C286;I;01;GDO;ITA
71;C287;Customer name:C287;A;02;GDO;EST
71;C288;Customer name:C288;I;01;GDO;ITA
71;C289;Customer name:C289;D;02;GDO;EST
71;C290;Customer name:C290;D;02;GDO;EST
71;C291;Customer name:C291;I;01;GDO;ITA
71;C292;Customer name:C292;I;01;GDO;ITA
71;C293;Customer name:C293;I;01;GDO;ITA
71;C294;Customer name:C294;A;02;GDO;EST
71;C295;Customer name:C295;I;01;GDO;ITA
71;C296;Customer name:C296;I;01;GDO;ITA
71;C297;Customer name:C297;CH;03;GDO;EST
71;C298;Customer name:C298;D;02;GDO;EST
71;C299;Customer name:C299;CH;03;GDO;EST
71;C300;Customer name:C300;P;02;GDO;EST
71;C301;Customer name:C301;I;01;GDO;ITA
71;C302;Customer name:C302;CH;03;GDO;EST
71;C303;Customer name:C303;NZL;03;GDO;EST
71;C304;Customer name:C304;TUR;03;GDO;EST
71;C305;Customer name:C305;F;02;GDO;EST
71;C306;Customer name:C306;I;01;GDO;ITA
71;C307;Customer name:C307;GB;02;GDO;EST
71;C308;Customer name:C308;I;01;GDO;ITA
71;C309;Customer name:C309;USA;03;GDO;EST
71;C310;Customer name:C310;I;01;GDO;ITA
71;C311;Customer name:C311;ISR;03;GDO;EST
71;C312;Customer name:C312;F;02;GDO;EST
71;C313;Customer name:C313;I;01;GDO;ITA
71;C314;Customer name:C314;I;01;GDO;ITA
71;C315;Customer name:C315;I;01;GDO;ITA
71;C316;Customer name:C316;IE;02;GDO;EST
71;C317;Customer name:C317;I;01;GDO;ITA
71;C318;Customer name:C318;CH;03;GDO;EST
71;C319;Customer name:C319;TUR;03;GDO;EST
71;C320;Customer name:C320;HR;02;GDO;EST
71;C321;Customer name:C321;TUR;03;GDO;EST
71;C322;Customer name:C322;I;01;GDO;ITA
71;C323;Customer name:C323;I;01;GDO;ITA
71;C324;Customer name:C324;I;01;GDO;ITA
71;C325;Customer name:C325;GR;02;GDO;EST
71;C326;Customer name:C326;I;01;GDO;ITA
71;C327;Customer name:C327;IE;02;GDO;EST
71;C328;Customer name:C328;CH;03;GDO;EST
71;C329;Customer name:C329;I;01;GDO;ITA
71;C330;Customer name:C330;E;02;GDO;EST
71;C331;Customer name:C331;CO;03;GDO;EST
71;C332;Customer name:C332;USA;03;GDO;EST
71;C333;Customer name:C333;RU;03;GDO;EST
71;C334;Customer name:C334;I;01;GDO;ITA
71;C335;Customer name:C335;I;01;GDO;ITA
71;C336;Customer name:C336;I;01;GDO;ITA
71;C337;Customer name:C337;I;01;GDO;ITA
71;C338;Customer name:C338;I;01;GDO;ITA
71;C339;Customer name:C339;I;01;GDO;ITA
71;C340;Customer name:C340;I;01;GDO;ITA
71;C341;Customer name:C341;I;01;GDO;ITA
71;C342;Customer name:C342;I;01;GDO;ITA
71;C343;Customer name:C343;RSM;02;GDO;EST
71;C344;Customer name:C344;I;01;GDO;ITA
71;C345;Customer name:C345;I;01;GDO;ITA
71;C346;Customer name:C346;I;01;GDO;ITA
71;C347;Customer name:C347;I;01;GDO;ITA
71;C348;Customer name:C348;SU;03;GDO;EST
71;C349;Customer name:C349;HU;02;GDO;EST
71;C350;Customer name:C350;I;01;GDO;ITA
71;C352;Customer name:C352;I;01;GDO;ITA
71;C353;Customer name:C353;I;01;GDO;ITA
71;C354;Customer name:C354;R;02;GDO;EST
71;C355;Customer name:C355;I;01;GDO;ITA
71;C356;Customer name:C356;SF;02;GDO;EST
71;C357;Customer name:C357;I;01;GDO;ITA
71;C358;Customer name:C358;I;01;GDO;ITA
71;C359;Customer name:C359;I;01;GDO;ITA
71;C360;Customer name:C360;EG;03;GDO;EST
71;C361;Customer name:C361;I;01;GDO;ITA
71;C362;Customer name:C362;I;01;GDO;ITA
71;C363;Customer name:C363;I;01;GDO;ITA
71;C364;Customer name:C364;I;01;GDO;ITA
71;C365;Customer name:C365;I;01;GDO;ITA
71;C366;Customer name:C366;I;01;GDO;ITA
71;C367;Customer name:C367;I;01;GDO;ITA
71;C368;Customer name:C368;I;01;GDO;ITA
71;C369;Customer name:C369;I;01;GDO;ITA
71;C370;Customer name:C370;I;01;GDO;ITA
71;C371;Customer name:C371;P;02;GDO;EST
71;C372;Customer name:C372;CH;03;GDO;EST
71;C373;Customer name:C373;CH;03;GDO;EST
71;C374;Customer name:C374;I;01;GDO;ITA
71;C375;Customer name:C375;F;02;GDO;EST
71;C376;Customer name:C376;I;01;GDO;ITA
71;C377;Customer name:C377;I;01;GDO;ITA
71;C378;Customer name:C378;GB;02;GDO;EST
71;C379;Customer name:C379;CH;03;GDO;EST
71;C380;Customer name:C380;I;01;GDO;ITA
71;C381;Customer name:C381;I;01;GDO;ITA
71;C382;Customer name:C382;CH;03;GDO;EST
71;C383;Customer name:C383;I;01;GDO;ITA
71;C384;Customer name:C384;I;01;GDO;ITA
71;C385;Customer name:C385;I;01;GDO;ITA
71;C386;Customer name:C386;I;01;GDO;ITA
71;C387;Customer name:C387;I;01;GDO;ITA
71;C388;Customer name:C388;I;01;GDO;ITA
71;C389;Customer name:C389;I;01;GDO;ITA
71;C390;Customer name:C390;I;01;GDO;ITA
71;C391;Customer name:C391;I;01;GDO;ITA
71;C392;Customer name:C392;I;01;GDO;ITA
71;C393;Customer name:C393;USA;03;GDO;EST
71;C394;Customer name:C394;I;01;GDO;ITA
71;C395;Customer name:C395;I;01;GDO;ITA
71;C396;Customer name:C396;D;02;GDO;EST
71;C397;Customer name:C397;I;01;GDO;ITA
71;C398;Customer name:C398;I;01;GDO;ITA
71;C399;Customer name:C399;I;01;GDO;ITA
71;C400;Customer name:C400;I;01;GDO;ITA
71;C401;Customer name:C401;CH;03;GDO;EST
71;C402;Customer name:C402;I;01;GDO;ITA
71;C403;Customer name:C403;I;01;GDO;ITA
71;C404;Customer name:C404;F;02;GDO;EST
71;C405;Customer name:C405;I;01;GDO;ITA
71;C406;Customer name:C406;I;01;GDO;ITA
71;C407;Customer name:C407;HK;03;GDO;EST
71;C408;Customer name:C408;IE;02;GDO;EST
71;C409;Customer name:C409;I;01;GDO;ITA
71;C410;Customer name:C410;I;01;GDO;ITA
71;C411;Customer name:C411;F;02;GDO;EST
71;C412;Customer name:C412;D;02;GDO;EST
71;C413;Customer name:C413;P;02;GDO;EST
71;C414;Customer name:C414;I;01;GDO;ITA
71;C415;Customer name:C415;DK;02;GDO;EST
71;C416;Customer name:C416;I;01;GDO;ITA
71;C417;Customer name:C417;S;02;GDO;EST
71;C418;Customer name:C418;ISR;03;GDO;EST
71;C419;Customer name:C419;D;02;GDO;EST
71;C420;Customer name:C420;I;01;GDO;ITA
71;C421;Customer name:C421;I;01;GDO;ITA
71;C422;Customer name:C422;I;01;GDO;ITA
71;C423;Customer name:C423;CH;03;GDO;EST
71;C424;Customer name:C424;I;01;GDO;ITA
71;C425;Customer name:C425;I;01;GDO;ITA
71;C426;Customer name:C426;I;01;GDO;ITA
71;C427;Customer name:C427;F;02;GDO;EST
71;C428;Customer name:C428;I;01;GDO;ITA
71;C429;Customer name:C429;I;01;GDO;ITA
71;C430;Customer name:C430;USA;03;GDO;EST
71;C431;Customer name:C431;I;01;GDO;ITA
71;C432;Customer name:C432;I;01;GDO;ITA
71;C433;Customer name:C433;I;01;GDO;ITA
71;C434;Customer name:C434;I;01;GDO;ITA
71;C435;Customer name:C435;CH;03;GDO;EST
71;C436;Customer name:C436;E;02;GDO;EST
71;C437;Customer name:C437;I;01;GDO;ITA
71;C438;Customer name:C438;F;02;GDO;EST
71;C439;Customer name:C439;I;01;GDO;ITA
71;C440;Customer name:C440;CH;03;GDO;EST
71;C441;Customer name:C441;I;01;GDO;ITA
71;C442;Customer name:C442;I;01;GDO;ITA
71;C443;Customer name:C443;I;01;GDO;ITA
71;C444;Customer name:C444;CH;03;GDO;EST
71;C445;Customer name:C445;I;01;GDO;ITA
71;C446;Customer name:C446;CH;03;GDO;EST
71;C447;Customer name:C447;KZ;03;GDO;EST
71;C448;Customer name:C448;I;01;GDO;ITA
71;C449;Customer name:C449;I;01;GDO;ITA
71;C450;Customer name:C450;I;01;GDO;ITA
71;C451;Customer name:C451;I;01;GDO;ITA
71;C452;Customer name:C452;I;01;GDO;ITA
71;C453;Customer name:C453;I;01;GDO;ITA
71;C454;Customer name:C454;I;01;GDO;ITA
71;C455;Customer name:C455;CH;03;GDO;EST
71;C456;Customer name:C456;I;01;GDO;ITA
71;C457;Customer name:C457;DE;02;GDO;EST
71;C458;Customer name:C458;F;02;GDO;EST
71;C459;Customer name:C459;I;01;GDO;ITA
71;C460;Customer name:C460;I;01;GDO;ITA
71;C461;Customer name:C461;I;01;GDO;ITA
71;C462;Customer name:C462;I;01;GDO;ITA
71;C463;Customer name:C463;I;01;GDO;ITA
71;C464;Customer name:C464;CH;03;GDO;EST
71;C465;Customer name:C465;I;01;GDO;ITA
71;C466;Customer name:C466;I;01;GDO;ITA
71;C467;Customer name:C467;I;01;GDO;ITA
71;C468;Customer name:C468;I;01;GDO;ITA
71;C469;Customer name:C469;I;01;GDO;ITA
71;C470;Customer name:C470;E;02;GDO;EST
71;C471;Customer name:C471;I;01;GDO;ITA
71;C472;Customer name:C472;ISR;03;GDO;EST
71;C473;Customer name:C473;GB;02;GDO;EST
71;C474;Customer name:C474;I;01;GDO;ITA
71;C475;Customer name:C475;I;01;GDO;ITA
71;C476;Customer name:C476;GB;02;GDO;EST
71;C477;Customer name:C477;I;01;GDO;ITA
71;C478;Customer name:C478;I;01;GDO;ITA
71;C479;Customer name:C479;SU;03;GDO;EST
71;C480;Customer name:C480;I;01;GDO;ITA
71;C481;Customer name:C481;I;01;GDO;ITA
71;C482;Customer name:C482;I;01;GDO;ITA
71;C483;Customer name:C483;I;01;GDO;ITA
71;C484;Customer name:C484;NL;02;GDO;EST
71;C485;Customer name:C485;CH;03;GDO;EST
71;C486;Customer name:C486;I;01;GDO;ITA
71;C487;Customer name:C487;I;01;GDO;ITA
71;C488;Customer name:C488;IE;02;GDO;EST
71;C489;Customer name:C489;I;01;GDO;ITA
71;C490;Customer name:C490;I;01;GDO;ITA
71;C491;Customer name:C491;CDN;03;GDO;EST
71;C492;Customer name:C492;I;01;GDO;ITA
71;C493;Customer name:C493;F;02;GDO;EST
71;C494;Customer name:C494;I;01;GDO;ITA
71;C495;Customer name:C495;I;01;GDO;ITA
71;C496;Customer name:C496;I;01;GDO;ITA
71;C497;Customer name:C497;I;01;GDO;ITA
71;C498;Customer name:C498;I;01;GDO;ITA
71;C499;Customer name:C499;P;02;GDO;EST
71;C500;Customer name:C500;I;01;GDO;ITA
71;C501;Customer name:C501;I;01;GDO;ITA
71;C502;Customer name:C502;I;01;GDO;ITA
71;C503;Customer name:C503;I;01;GDO;ITA
71;C504;Customer name:C504;I;01;GDO;ITA
71;C505;Customer name:C505;I;01;GDO;ITA
71;C506;Customer name:C506;I;01;GDO;ITA
71;C507;Customer name:C507;I;01;GDO;ITA
71;C508;Customer name:C508;S;02;GDO;EST
71;C509;Customer name:C509;I;01;GDO;ITA
71;C510;Customer name:C510;I;01;GDO;ITA
71;C511;Customer name:C511;I;01;GDO;ITA
71;C512;Customer name:C512;I;01;GDO;ITA
71;C513;Customer name:C513;I;01;GDO;ITA
71;C514;Customer name:C514;I;01;GDO;ITA
71;C515;Customer name:C515;I;01;GDO;ITA
71;C516;Customer name:C516;I;01;GDO;ITA
71;C517;Customer name:C517;I;01;GDO;ITA
71;C518;Customer name:C518;I;01;GDO;ITA
71;C519;Customer name:C519;I;01;GDO;ITA
71;C520;Customer name:C520;CH;03;GDO;EST
71;C521;Customer name:C521;I;01;GDO;ITA
71;C522;Customer name:C522;I;01;GDO;ITA
71;C523;Customer name:C523;I;01;GDO;ITA
71;C524;Customer name:C524;I;01;GDO;ITA
71;C525;Customer name:C525;I;01;GDO;ITA
71;C526;Customer name:C526;I;01;GDO;ITA
71;C527;Customer name:C527;I;01;GDO;ITA
71;C528;Customer name:C528;I;01;GDO;ITA
71;C529;Customer name:C529;I;01;GDO;ITA
71;C530;Customer name:C530;I;01;GDO;ITA
71;C531;Customer name:C531;I;01;GDO;ITA
71;C532;Customer name:C532;I;01;GDO;ITA
71;C533;Customer name:C533;I;01;GDO;ITA
71;C534;Customer name:C534;I;01;GDO;ITA
71;C535;Customer name:C535;I;01;GDO;ITA
71;C536;Customer name:C536;I;01;GDO;ITA
71;C537;Customer name:C537;I;01;GDO;ITA
71;C538;Customer name:C538;USA;03;GDO;EST
71;C539;Customer name:C539;I;01;GDO;ITA
71;C540;Customer name:C540;I;01;GDO;ITA
71;C541;Customer name:C541;F;02;GDO;EST
71;C542;Customer name:C542;I;01;GDO;ITA
71;C543;Customer name:C543;I;01;GDO;ITA
71;C544;Customer name:C544;I;01;GDO;ITA
71;C545;Customer name:C545;CH;03;GDO;EST
71;C546;Customer name:C546;F;02;GDO;EST
71;C547;Customer name:C547;CH;03;GDO;EST
71;C548;Customer name:C548;S;02;GDO;EST
71;C549;Customer name:C549;CH;03;GDO;EST
71;C550;Customer name:C550;KR;03;GDO;EST
71;C551;Customer name:C551;UKR;03;GDO;EST
71;C552;Customer name:C552;I;01;GDO;ITA
71;C553;Customer name:C553;I;01;GDO;ITA
71;C554;Customer name:C554;I;01;GDO;ITA
71;C555;Customer name:C555;I;01;GDO;ITA
71;C556;Customer name:C556;I;01;GDO;ITA
71;C557;Customer name:C557;TUR;03;GDO;EST
71;C558;Customer name:C558;RSM;02;GDO;EST
71;C559;Customer name:C559;I;01;GDO;ITA
71;C560;Customer name:C560;PL;02;GDO;EST
71;C561;Customer name:C561;USA;03;GDO;EST
71;C562;Customer name:C562;I;01;GDO;ITA
71;C563;Customer name:C563;IE;02;GDO;EST
71;C564;Customer name:C564;NW;03;GDO;EST
71;C565;Customer name:C565;IRA;03;GDO;EST
71;C566;Customer name:C566;NW;03;GDO;EST
71;C567;Customer name:C567;I;01;GDO;ITA
71;C568;Customer name:C568;I;01;GDO;ITA
71;C569;Customer name:C569;I;01;GDO;ITA
71;C570;Customer name:C570;I;01;GDO;ITA
71;C571;Customer name:C571;I;01;GDO;ITA
71;C572;Customer name:C572;I;01;GDO;ITA
71;C573;Customer name:C573;I;01;GDO;ITA
71;C574;Customer name:C574;I;01;GDO;ITA
71;C575;Customer name:C575;I;01;GDO;ITA
71;C576;Customer name:C576;I;01;GDO;ITA
71;C577;Customer name:C577;I;01;GDO;ITA
71;C578;Customer name:C578;CH;03;GDO;EST
71;C579;Customer name:C579;CY;03;GDO;EST
71;C580;Customer name:C580;I;01;GDO;ITA
71;C581;Customer name:C581;CH;03;GDO;EST
71;C582;Customer name:C582;LT;02;GDO;EST
71;C583;Customer name:C583;I;01;GDO;ITA
71;C584;Customer name:C584;IE;02;GDO;EST
71;C585;Customer name:C585;CH;03;GDO;EST
71;C586;Customer name:C586;USA;03;GDO;EST
71;C587;Customer name:C587;DK;02;GDO;EST
71;C588;Customer name:C588;MCF;02;GDO;EST
71;C589;Customer name:C589;I;01;GDO;ITA
71;C590;Customer name:C590;I;01;GDO;ITA
71;C591;Customer name:C591;CH;03;GDO;EST
71;C592;Customer name:C592;I;01;GDO;ITA
71;C593;Customer name:C593;I;01;GDO;ITA
71;C594;Customer name:C594;B;02;GDO;EST
71;C595;Customer name:C595;CH;03;GDO;EST
71;C596;Customer name:C596;I;01;GDO;ITA
71;C597;Customer name:C597;I;01;GDO;ITA
71;C598;Customer name:C598;CH;03;GDO;EST
71;C599;Customer name:C599;CH;03;GDO;EST
71;C600;Customer name:C600;CH;03;GDO;EST
71;C601;Customer name:C601;ISR;03;GDO;EST
71;C602;Customer name:C602;IE;02;GDO;EST
71;C603;Customer name:C603;I;01;GDO;ITA
71;C604;Customer name:C604;I;01;GDO;ITA
71;C605;Customer name:C605;I;01;GDO;ITA
71;C606;Customer name:C606;AUS;03;GDO;EST
71;C607;Customer name:C607;I;01;GDO;ITA
71;C608;Customer name:C608;I;01;GDO;ITA
71;C609;Customer name:C609;P;02;GDO;EST
71;C610;Customer name:C610;CN;03;GDO;EST
71;C611;Customer name:C611;A;02;GDO;EST
71;C612;Customer name:C612;F;02;GDO;EST
71;C613;Customer name:C613;BRA;03;GDO;EST
71;C614;Customer name:C614;ISR;03;GDO;EST
71;C615;Customer name:C615;IE;02;GDO;EST
71;C616;Customer name:C616;HR;02;GDO;EST
71;C617;Customer name:C617;I;01;GDO;ITA
71;C618;Customer name:C618;R;02;GDO;EST
71;C619;Customer name:C619;E;02;GDO;EST
71;C620;Customer name:C620;SE;03;GDO;EST
71;C621;Customer name:C621;SK;02;GDO;EST
71;C622;Customer name:C622;I;01;GDO;ITA
71;C623;Customer name:C623;NL;02;GDO;EST
71;C624;Customer name:C624;HU;02;GDO;EST
71;C625;Customer name:C625;I;01;GDO;ITA
71;C626;Customer name:C626;KSA;03;GDO;EST
71;C627;Customer name:C627;I;01;GDO;ITA
71;C628;Customer name:C628;IND;03;GDO;EST
71;C629;Customer name:C629;CH;03;GDO;EST
71;C630;Customer name:C630;CZ;02;GDO;EST
71;C631;Customer name:C631;CH;03;GDO;EST
71;C632;Customer name:C632;AE;03;GDO;EST
71;C633;Customer name:C633;I;01;GDO;ITA
71;C634;Customer name:C634;I;01;GDO;ITA
71;C635;Customer name:C635;PK;03;GDO;EST
71;C636;Customer name:C636;I;01;GDO;ITA
71;C637;Customer name:C637;ISR;03;GDO;EST
71;C638;Customer name:C638;BRA;03;GDO;EST
71;C639;Customer name:C639;I;01;GDO;ITA
71;C640;Customer name:C640;IND;03;GDO;EST
71;C641;Customer name:C641;I;01;GDO;ITA
71;C642;Customer name:C642;I;01;GDO;ITA
71;C643;Customer name:C643;F;02;GDO;EST
71;C644;Customer name:C644;KR;03;GDO;EST
71;C645;Customer name:C645;I;01;GDO;ITA
71;C646;Customer name:C646;I;01;GDO;ITA
71;C647;Customer name:C647;TW;03;GDO;EST
71;C648;Customer name:C648;I;01;GDO;ITA
71;C649;Customer name:C649;I;01;GDO;ITA
71;C650;Customer name:C650;I;01;GDO;ITA
71;C651;Customer name:C651;CH;03;GDO;EST
71;C652;Customer name:C652;AE;03;GDO;EST
71;C653;Customer name:C653;TUR;03;GDO;EST
71;C654;Customer name:C654;CH;03;GDO;EST
71;C655;Customer name:C655;I;01;GDO;ITA
71;C656;Customer name:C656;PL;02;GDO;EST
71;C657;Customer name:C657;F;02;GDO;EST
71;C658;Customer name:C658;IE;02;GDO;EST
71;C659;Customer name:C659;I;01;GDO;ITA
71;C660;Customer name:C660;PL;02;GDO;EST
71;C661;Customer name:C661;F;02;GDO;EST
71;C662;Customer name:C662;RSM;02;GDO;EST
71;C663;Customer name:C663;IND;03;GDO;EST
71;C664;Customer name:C664;CH;03;GDO;EST
71;C665;Customer name:C665;IRA;03;GDO;EST
71;C666;Customer name:C666;RU;03;GDO;EST
71;C667;Customer name:C667;E;02;GDO;EST
71;C668;Customer name:C668;EE;03;GDO;EST
71;C669;Customer name:C669;TUR;03;GDO;EST
71;C670;Customer name:C670;CN;03;GDO;EST
71;C671;Customer name:C671;CH;03;GDO;EST
71;C672;Customer name:C672;SU;03;GDO;EST
71;C673;Customer name:C673;I;01;GDO;ITA
71;C674;Customer name:C674;I;01;GDO;ITA
71;C675;Customer name:C675;CH;03;GDO;EST
71;C676;Customer name:C676;I;01;GDO;ITA
71;C677;Customer name:C677;I;01;GDO;ITA
71;C678;Customer name:C678;CH;03;GDO;EST
71;C679;Customer name:C679;I;01;GDO;ITA
71;C680;Customer name:C680;I;01;GDO;ITA
71;C681;Customer name:C681;CH;03;GDO;EST
71;C682;Customer name:C682;GEO;03;GDO;EST
71;C683;Customer name:C683;AZE;03;GDO;EST
71;C684;Customer name:C684;I;01;GDO;ITA
71;C685;Customer name:C685;I;01;GDO;ITA
71;C686;Customer name:C686;I;01;GDO;ITA
71;C687;Customer name:C687;I;01;GDO;ITA
71;C688;Customer name:C688;MA;03;GDO;EST
71;C689;Customer name:C689;CH;03;GDO;EST
71;C690;Customer name:C690;F;02;GDO;EST
71;C691;Customer name:C691;I;01;GDO;ITA
71;C692;Customer name:C692;LK;03;GDO;EST
71;C693;Customer name:C693;GEO;03;GDO;EST
71;C694;Customer name:C694;E;02;GDO;EST
71;C695;Customer name:C695;CH;03;GDO;EST
71;C696;Customer name:C696;I;01;GDO;ITA
71;C697;Customer name:C697;I;01;GDO;ITA
71;C698;Customer name:C698;F;02;GDO;EST
71;C699;Customer name:C699;B;02;GDO;EST
71;C700;Customer name:C700;D;02;GDO;EST
71;C701;Customer name:C701;F;02;GDO;EST
71;C702;Customer name:C702;E;02;GDO;EST
71;C703;Customer name:C703;B;02;GDO;EST
71;C704;Customer name:C704;CH;03;GDO;EST
71;C705;Customer name:C705;PK;03;GDO;EST
71;C706;Customer name:C706;CH;03;GDO;EST
71;C707;Customer name:C707;I;01;GDO;ITA
71;C708;Customer name:C708;RL;03;GDO;EST
71;C709;Customer name:C709;RL;03;GDO;EST
71;C710;Customer name:C710;I;01;GDO;ITA
71;C711;Customer name:C711;I;01;GDO;ITA
71;C712;Customer name:C712;MX;03;GDO;EST
71;C713;Customer name:C713;F;02;GDO;EST
71;C714;Customer name:C714;I;01;GDO;ITA
71;C715;Customer name:C715;SG;03;GDO;EST
71;C716;Customer name:C716;I;01;GDO;ITA
71;C717;Customer name:C717;PL;02;GDO;EST
71;C718;Customer name:C718;I;01;GDO;ITA
71;C719;Customer name:C719;I;01;GDO;ITA
71;C720;Customer name:C720;SF;02;GDO;EST
71;C721;Customer name:C721;I;01;GDO;ITA
71;C722;Customer name:C722;I;01;GDO;ITA
71;C723;Customer name:C723;CH;03;GDO;EST
71;C724;Customer name:C724;HK;03;GDO;EST
71;C725;Customer name:C725;E;02;GDO;EST
71;C726;Customer name:C726;BRA;03;GDO;EST
71;C727;Customer name:C727;I;01;GDO;ITA
71;C728;Customer name:C728;IRA;03;GDO;EST
71;C729;Customer name:C729;I;01;GDO;ITA
71;C730;Customer name:C730;CDN;03;GDO;EST
71;C731;Customer name:C731;USA;03;GDO;EST
71;C732;Customer name:C732;I;01;GDO;ITA
71;C733;Customer name:C733;I;01;GDO;ITA
71;C734;Customer name:C734;I;01;GDO;ITA
71;C735;Customer name:C735;AE;03;GDO;EST
71;C736;Customer name:C736;HK;03;GDO;EST
71;C737;Customer name:C737;I;01;GDO;ITA
71;C738;Customer name:C738;D;02;GDO;EST
71;C739;Customer name:C739;IND;03;GDO;EST
71;C740;Customer name:C740;I;01;GDO;ITA
71;C741;Customer name:C741;SG;03;GDO;EST
71;C742;Customer name:C742;GR;02;GDO;EST
71;C743;Customer name:C743;SI;02;GDO;EST
71;C744;Customer name:C744;AE;03;GDO;EST
71;C745;Customer name:C745;AZE;03;GDO;EST
71;C746;Customer name:C746;AE;03;GDO;EST
71;C747;Customer name:C747;I;01;GDO;ITA
71;C748;Customer name:C748;PK;03;GDO;EST
71;C749;Customer name:C749;I;01;GDO;ITA
71;C750;Customer name:C750;CH;03;GDO;EST
71;C751;Customer name:C751;I;01;GDO;ITA
71;C752;Customer name:C752;F;02;GDO;EST
71;C753;Customer name:C753;I;01;GDO;ITA
71;C754;Customer name:C754;PL;02;GDO;EST
71;C755;Customer name:C755;KR;03;GDO;EST
71;C756;Customer name:C756;I;01;GDO;ITA
71;C757;Customer name:C757;I;01;GDO;ITA
71;C758;Customer name:C758;MY;03;GDO;EST
71;C759;Customer name:C759;B;02;GDO;EST
71;C760;Customer name:C760;I;01;GDO;ITA
71;C761;Customer name:C761;RCH;03;GDO;EST
71;C762;Customer name:C762;I;01;GDO;ITA
71;C763;Customer name:C763;CZ;02;GDO;EST
71;C764;Customer name:C764;SG;03;GDO;EST
71;C765;Customer name:C765;MKD;03;GDO;EST
71;C766;Customer name:C766;MX;03;GDO;EST
71;C767;Customer name:C767;AE;03;GDO;EST
71;C768;Customer name:C768;IQ;03;GDO;EST
71;C769;Customer name:C769;XK;03;GDO;EST
71;C770;Customer name:C770;I;01;GDO;ITA
71;C771;Customer name:C771;J;03;GDO;EST
71;C772;Customer name:C772;IRA;03;GDO;EST
71;C773;Customer name:C773;MY;03;GDO;EST
71;C774;Customer name:C774;BRA;03;GDO;EST
71;C775;Customer name:C775;GB;02;GDO;EST
71;C776;Customer name:C776;SI;02;GDO;EST
71;C777;Customer name:C777;I;01;GDO;ITA
71;C778;Customer name:C778;CO;03;GDO;EST
71;C779;Customer name:C779;I;01;GDO;ITA
71;C780;Customer name:C780;USA;03;GDO;EST
71;C781;Customer name:C781;ISR;03;GDO;EST
71;C782;Customer name:C782;I;01;GDO;ITA
71;C783;Customer name:C783;I;01;GDO;ITA
71;C784;Customer name:C784;I;01;GDO;ITA
71;C785;Customer name:C785;I;01;GDO;ITA
71;C786;Customer name:C786;CH;03;GDO;EST
71;C787;Customer name:C787;GR;02;GDO;EST
71;C788;Customer name:C788;SG;03;GDO;EST
71;C789;Customer name:C789;AE;03;GDO;EST
71;C790;Customer name:C790;B;02;GDO;EST
71;C791;Customer name:C791;USA;03;GDO;EST
71;C792;Customer name:C792;I;01;GDO;ITA
71;C793;Customer name:C793;MY;03;GDO;EST
71;C794;Customer name:C794;TW;03;GDO;EST
71;C795;Customer name:C795;I;01;GDO;ITA
71;C796;Customer name:C796;I;01;GDO;ITA
71;C797;Customer name:C797;J;03;GDO;EST
71;C798;Customer name:C798;RU;03;GDO;EST
71;C799;Customer name:C799;CH;03;GDO;EST
71;C800;Customer name:C800;F;02;GDO;EST
71;C801;Customer name:C801;E;02;GDO;EST
71;C802;Customer name:C802;HK;03;GDO;EST
71;C803;Customer name:C803;I;01;GDO;ITA
71;C804;Customer name:C804;I;01;GDO;ITA
71;C805;Customer name:C805;KSA;03;GDO;EST
71;C806;Customer name:C806;IND;03;GDO;EST
71;C807;Customer name:C807;IND;03;GDO;EST
71;C808;Customer name:C808;GEO;03;GDO;EST
71;C809;Customer name:C809;AUS;03;GDO;EST
71;C810;Customer name:C810;PK;03;GDO;EST
71;C811;Customer name:C811;I;01;GDO;ITA
71;C812;Customer name:C812;D;02;GDO;EST
71;C813;Customer name:C813;I;01;GDO;ITA
71;C814;Customer name:C814;I;01;GDO;ITA
71;C815;Customer name:C815;CN;03;GDO;EST
71;C816;Customer name:C816;GIO;03;GDO;EST
71;C817;Customer name:C817;I;01;GDO;ITA
71;C818;Customer name:C818;I;01;GDO;ITA
71;C819;Customer name:C819;I;01;GDO;ITA
71;C820;Customer name:C820;TUR;03;GDO;EST
71;C821;Customer name:C821;CH;03;GDO;EST
71;C822;Customer name:C822;PL;02;GDO;EST
71;C823;Customer name:C823;D;02;GDO;EST
71;C824;Customer name:C824;B;02;GDO;EST
71;C825;Customer name:C825;LK;03;GDO;EST
71;C826;Customer name:C826;D;02;GDO;EST
71;C827;Customer name:C827;B;02;GDO;EST
71;C828;Customer name:C828;RU;03;GDO;EST
71;C829;Customer name:C829;I;01;GDO;ITA
71;C830;Customer name:C830;KSA;03;GDO;EST
71;C831;Customer name:C831;SU;03;GDO;EST
71;C832;Customer name:C832;TW;03;GDO;EST
71;C833;Customer name:C833;I;01;GDO;ITA
71;C834;Customer name:C834;IND;03;GDO;EST
71;C835;Customer name:C835;VN;03;GDO;EST
71;C836;Customer name:C836;D;02;GDO;EST
71;C837;Customer name:C837;F;02;GDO;EST
71;C838;Customer name:C838;USA;03;GDO;EST
71;C839;Customer name:C839;J;03;GDO;EST
71;C840;Customer name:C840;TUR;03;GDO;EST
71;C841;Customer name:C841;IND;03;GDO;EST
71;C842;Customer name:C842;K;03;GDO;EST
71;C843;Customer name:C843;A;02;GDO;EST
71;C844;Customer name:C844;NL;02;GDO;EST
71;C845;Customer name:C845;USA;03;GDO;EST
71;C846;Customer name:C846;CH;03;GDO;EST
71;C847;Customer name:C847;I;01;GDO;ITA
71;C848;Customer name:C848;D;02;GDO;EST
71;C849;Customer name:C849;VN;03;GDO;EST
71;C850;Customer name:C850;RU;03;GDO;EST
71;C851;Customer name:C851;CN;03;GDO;EST
71;C852;Customer name:C852;A;02;GDO;EST
71;C853;Customer name:C853;VN;03;GDO;EST
71;C854;Customer name:C854;UZ;03;GDO;EST
71;C855;Customer name:C855;GEO;03;GDO;EST
71;C856;Customer name:C856;D;02;GDO;EST
71;C857;Customer name:C857;D;02;GDO;EST
71;C858;Customer name:C858;BG;02;GDO;EST
71;C859;Customer name:C859;HU;02;GDO;EST
71;C860;Customer name:C860;AE;03;GDO;EST
71;C861;Customer name:C861;NL;02;GDO;EST
71;C862;Customer name:C862;I;01;GDO;ITA
71;C864;Customer name:C864;I;01;GDO;ITA
71;C865;Customer name:C865;I;01;GDO;ITA
71;C866;Customer name:C866;AE;03;GDO;EST
71;C867;Customer name:C867;AE;03;GDO;EST
71;C868;Customer name:C868;CH;03;GDO;EST
71;C869;Customer name:C869;I;01;GDO;ITA
71;C870;Customer name:C870;BUR;03;GDO;EST
71;C871;Customer name:C871;TUR;03;GDO;EST
71;C872;Customer name:C872;PL;02;GDO;EST
71;C873;Customer name:C873;I;01;GDO;ITA
71;C874;Customer name:C874;I;01;GDO;ITA
71;C875;Customer name:C875;I;01;GDO;ITA
71;C876;Customer name:C876;CO;03;GDO;EST
71;C877;Customer name:C877;I;01;GDO;ITA
71;C878;Customer name:C878;I;01;GDO;ITA
71;C879;Customer name:C879;CDN;03;GDO;EST
71;C880;Customer name:C880;I;01;GDO;ITA
71;C881;Customer name:C881;F;02;GDO;EST
71;C882;Customer name:C882;NL;02;GDO;EST
71;C883;Customer name:C883;SF;02;GDO;EST
71;C884;Customer name:C884;I;01;GDO;ITA
71;C885;Customer name:C885;I;01;GDO;ITA
71;C886;Customer name:C886;AUS;03;GDO;EST
71;C887;Customer name:C887;AUS;03;GDO;EST
71;C888;Customer name:C888;AUS;03;GDO;EST
71;C889;Customer name:C889;RU;03;GDO;EST
71;C890;Customer name:C890;NL;02;GDO;EST
71;C891;Customer name:C891;KSA;03;GDO;EST
71;C892;Customer name:C892;AE;03;GDO;EST
71;C893;Customer name:C893;I;01;GDO;ITA
71;C894;Customer name:C894;I;01;GDO;ITA
71;C895;Customer name:C895;I;01;GDO;ITA
71;C896;Customer name:C896;E;02;GDO;EST
71;C897;Customer name:C897;SU;03;GDO;EST
71;C898;Customer name:C898;I;01;GDO;ITA
71;C899;Customer name:C899;VN;03;GDO;EST
71;C900;Customer name:C900;I;01;GDO;ITA
71;C901;Customer name:C901;PL;02;GDO;EST
71;C902;Customer name:C902;I;01;GDO;ITA
71;C903;Customer name:C903;MO;03;GDO;EST
71;C904;Customer name:C904;I;01;GDO;ITA
71;C905;Customer name:C905;D;02;GDO;EST
71;C906;Customer name:C906;GB;02;GDO;EST
71;C907;Customer name:C907;GR;02;GDO;EST
71;C908;Customer name:C908;IE;02;GDO;EST
71;C909;Customer name:C909;I;01;GDO;ITA
71;C910;Customer name:C910;E;02;GDO;EST
71;C911;Customer name:C911;I;01;GDO;ITA
71;C912;Customer name:C912;D;02;GDO;EST
71;C913;Customer name:C913;I;01;GDO;ITA
71;C914;Customer name:C914;SG;03;GDO;EST
71;C915;Customer name:C915;ISR;03;GDO;EST
71;C916;Customer name:C916;R;02;GDO;EST
71;C917;Customer name:C917;I;01;GDO;ITA
71;C918;Customer name:C918;PL;02;GDO;EST
71;C919;Customer name:C919;AE;03;GDO;EST
71;C920;Customer name:C920;USA;03;GDO;EST
71;C921;Customer name:C921;IND;03;GDO;EST
71;C922;Customer name:C922;TUR;03;GDO;EST
71;C923;Customer name:C923;DK;02;GDO;EST
71;C924;Customer name:C924;FI;02;GDO;EST
71;C925;Customer name:C925;I;01;GDO;ITA
71;C926;Customer name:C926;SG;03;GDO;EST
71;C927;Customer name:C927;VN;03;GDO;EST
71;C928;Customer name:C928;I;01;GDO;ITA
71;C929;Customer name:C929;D;02;GDO;EST
71;C930;Customer name:C930;CH;03;GDO;EST
71;C931;Customer name:C931;EG;03;GDO;EST
71;C932;Customer name:C932;I;01;GDO;ITA
71;C934;Customer name:C934;CHF;03;GDO;EST
71;C935;Customer name:C935;D;02;GDO;EST
71;C936;Customer name:C936;RCH;03;GDO;EST
71;C937;Customer name:C937;D;02;GDO;EST
71;C938;Customer name:C938;I;01;GDO;ITA
71;C940;Customer name:C940;D;02;GDO;EST
71;C941;Customer name:C941;DK;;GDO;EST
71;C942;Customer name:C942;TW;;GDO;EST
71;C943;Customer name:C943;PL;;GDO;EST
71;C944;Customer name:C944;N;03;GDO;EST
71;C945;Customer name:C945;I;;GDO;ITA
71;C946;Customer name:C946;ISR;03;GDO;EST
71;C948;Customer name:C948;HK;;GDO;EST
71;C949;Customer name:C949;I;01;GDO;ITA
71;C950;Customer name:C950;B;;GDO;EST
71;C951;Customer name:C951;I;;GDO;ITA
71;C952;Customer name:C952;EC;;GDO;EST
71;C953;Customer name:C953;SE;;GDO;EST
71;C954;Customer name:C954;I;01;GDO;ITA
71;C955;Customer name:C955;D;;GDO;EST
71;C956;Customer name:C956;I;01;GDO;ITA
71;C957;Customer name:C957;I;;GDO;ITA
71;C958;Customer name:C958;IE;02;GDO;EST
71;C959;Customer name:C959;I;;GDO;EST
71;C960;Customer name:C960;D;02;GDO;EST
71;C961;Customer name:C961;I;;GDO;ITA
71;C962;Customer name:C962;PS;;GDO;EST
71;C963;Customer name:C963;HK;03;GDO;EST
71;C964;Customer name:C964;AE;;GDO;EST
71;C965;Customer name:C965;IE;;GDO;EST
71;C966;Customer name:C966;I;;GDO;ITA
71;C967;Customer name:C967;I;;GDO;ITA
71;C968;Customer name:C968;CN;03;GDO;EST
71;C969;Customer name:C969;NL;;GDO;EST
71;C970;Customer name:C970;I;01;GDO;ITA
71;C971;Customer name:C971;D;02;GDO;EST
71;C972;Customer name:C972;I;;GDO;ITA
71;C973;Customer name:C973;EG;;GDO;EST
71;C974;Customer name:C974;SU;03;GDO;EST
71;C975;Customer name:C975;CO;;GDO;EST
71;C976;Customer name:C976;USA;;GDO;EST
71;C977;Customer name:C977;I;;GDO;ITA
71;C978;Customer name:C978;I;01;GDO;ITA
71;C979;Customer name:C979;CH;;GDO;EST
71;C980;Customer name:C980;GB;03;GDO;EST
71;C981;Customer name:C981;I;01;GDO;ITA
71;C982;Customer name:C982;NL;02;GDO;EST
71;C983;Customer name:C983;D;02;GDO;EST
71;C984;Customer name:C984;AE;;GDO;EST
71;C985;Customer name:C985;R;02;GDO;EST
71;C986;Customer name:C986;EG;03;GDO;EST
71;C987;Customer name:C987;I;01;GDO;ITA
71;C988;Customer name:C988;ECU;;GDO;EST
71;C989;Customer name:C989;VN;03;GDO;EST
71;C990;Customer name:C990;TUR;;GDO;EST
71;C991;Customer name:C991;USA;03;GDO;EST
71;C992;Customer name:C992;VN;03;GDO;EST
71;C993;Customer name:C993;CH;;GDO;EST
71;C994;Customer name:C994;TUR;;GDO;EST
71;C995;Customer name:C995;VN;03;GDO;EST
71;C996;Customer name:C996;GB;;GDO;EST
71;C997;Customer name:C997;AUS;;GDO;EST
71;C998;Customer name:C998;VN;03;GDO;EST
71;C999;Customer name:C999;HU;;GDO;EST
71;C1000;Customer name:C1000;KSA;;GDO;EST
71;C1001;Customer name:C1001;SF;02;GDO;EST
71;C1002;Customer name:C1002;PL;02;GDO;EST
71;C1003;Customer name:C1003;LT;02;GDO;EST
71;C1004;Customer name:C1004;I;;GDO;ITA
71;C1005;Customer name:C1005;B;02;GDO;EST
71;C1006;Customer name:C1006;D;03;GDO;EST
71;C1007;Customer name:C1007;F;02;GDO;EST
71;C1008;Customer name:C1008;MA;;GDO;EST
71;C1009;Customer name:C1009;D;02;GDO;EST
71;C1010;Customer name:C1010;I;;GDO;ITA
71;C1011;Customer name:C1011;UKR;;E;EST
71;C1012;Customer name:C1012;I;;GDO;ITA
71;C1013;Customer name:C1013;E;02;GDO;EST
71;C1014;Customer name:C1014;I;01;GDO;ITA
71;C1015;Customer name:C1015;I;01;GDO;ITA
71;C1016;Customer name:C1016;I;01;GDO;ITA
71;C1017;Customer name:C1017;GB;03;GDO;EST
71;C1018;Customer name:C1018;GB;03;GDO;EST
71;C1019;Customer name:C1019;I;01;GDO;ITA
71;C1020;Customer name:C1020;I;;GDO;ITA
71;C1021;Customer name:C1021;NL;02;GDO;EST
71;C1022;Customer name:C1022;I;01;GDO;ITA
71;C1023;Customer name:C1023;VN;;GDO;EST
71;C1024;Customer name:C1024;IR;02;GDO;EST
71;C1025;Customer name:C1025;I;01;GDO;ITA
71;C1026;Customer name:C1026;D;02;GDO;EST
71;C1027;Customer name:C1027;UKR;;GDO;EST
71;C1028;Customer name:C1028;I;01;GDO;ITA
71;C1029;Customer name:C1029;I;01;GDO;ITA
71;C1030;Customer name:C1030;I;01;GDO;ITA
71;C1031;Customer name:C1031;I;;GDO;ITA
71;C1032;Customer name:C1032;I;;GDO;ITA
71;C1033;Customer name:C1033;SE;03;GDO;EST
71;C1034;Customer name:C1034;I;;GDO;ITA
71;C1035;Customer name:C1035;I;01;GDO;ITA
71;C1036;Customer name:C1036;KR;03;GDO;EST
71;C1037;Customer name:C1037;I;01;GDO;ITA
71;C1038;Customer name:C1038;I;01;GDO;ITA
71;C1039;Customer name:C1039;M;02;GDO;EST
71;C1040;Customer name:C1040;I;01;GDO;ITA
71;C1041;Customer name:C1041;I;01;GDO;ITA
71;C1042;Customer name:C1042;I;01;GDO;ITA
71;C1043;Customer name:C1043;AE;03;GDO;EST
71;C1044;Customer name:C1044;D;02;GDO;EST
71;C1045;Customer name:C1045;I;01;GDO;ITA
71;C1046;Customer name:C1046;GB;03;GDO;EST
71;C1047;Customer name:C1047;DK;02;GDO;EST
71;C1048;Customer name:C1048;CH;03;GDO;EST
71;C1049;Customer name:C1049;S;02;GDO;EST
71;C1050;Customer name:C1050;AE;03;GDO;EST
71;C1051;Customer name:C1051;GB;03;GDO;EST
71;C1052;Customer name:C1052;TUR;03;GDO;EST
71;C1053;Customer name:C1053;E;02;GDO;EST
71;C1054;Customer name:C1054;SI;02;GDO;EST
71;C1055;Customer name:C1055;I;01;GDO;ITA
71;C1056;Customer name:C1056;AE;03;GDO;EST
71;C1057;Customer name:C1057;I;01;GDO;ITA
71;C1058;Customer name:C1058;I;01;GDO;ITA
71;C1059;Customer name:C1059;F;02;GDO;EST
71;C1060;Customer name:C1060;I;01;GDO;ITA
71;C1061;Customer name:C1061;I;01;GDO;ITA
71;C1062;Customer name:C1062;P;02;GDO;EST
71;C1063;Customer name:C1063;VN;03;GDO;EST
71;C1064;Customer name:C1064;GB;03;GDO;EST
71;C1065;Customer name:C1065;MX;03;GDO;EST
71;C1066;Customer name:C1066;DK;02;GDO;EST
71;C1067;Customer name:C1067;D;02;GDO;EST
71;C1068;Customer name:C1068;GR;02;GDO;EST
71;C1069;Customer name:C1069;GB;03;GDO;EST
71;C1070;Customer name:C1070;GBI;03;GDO;EST
71;C1071;Customer name:C1071;KR;03;GDO;EST
71;C1072;Customer name:C1072;MX;03;GDO;EST
71;C1073;Customer name:C1073;GB;02;GDO;EST
71;C1074;Customer name:C1074;P;02;GDO;EST
71;C1075;Customer name:C1075;E;02;GDO;EST
71;C1076;Customer name:C1076;GB;03;GDO;EST
71;C1077;Customer name:C1077;USA;03;GDO;EST
71;C1078;Customer name:C1078;F;02;GDO;EST
71;C1079;Customer name:C1079;KSA;03;GDO;EST
71;C1080;Customer name:C1080;I;01;GDO;ITA
71;C1081;Customer name:C1081;HR;02;GDO;EST
71;C1082;Customer name:C1082;AUS;03;GDO;EST
71;C1083;Customer name:C1083;I;01;GDO;ITA
71;C1084;Customer name:C1084;D;02;GDO;EST
71;C1085;Customer name:C1085;GB;03;GDO;EST
71;C1086;Customer name:C1086;D;02;GDO;EST
71;C1087;Customer name:C1087;I;01;GDO;ITA
71;C1088;Customer name:C1088;KZ;03;GDO;EST
71;C1089;Customer name:C1089;KSA;;GDO;EST
71;C1090;Customer name:C1090;I;01;GDO;ITA
71;C1091;Customer name:C1091;I;01;GDO;ITA
71;C1092;Customer name:C1092;I;01;GDO;ITA
71;C1093;Customer name:C1093;I;01;GDO;ITA
71;C1094;Customer name:C1094;I;;GDO;ITA
71;C1095;Customer name:C1095;SF;02;GDO;EST
71;C1096;Customer name:C1096;DO;03;GDO;EST
71;C1097;Customer name:C1097;CZ;02;GDO;EST
71;C1098;Customer name:C1098;UKI;02;GDO;EST
71;C1099;Customer name:C1099;IE;02;GDO;EST
71;C1100;Customer name:C1100;R;02;GDO;EST
71;C1101;Customer name:C1101;I;01;GDO;ITA
71;C1102;Customer name:C1102;CZ;02;GDO;EST
71;C1103;Customer name:C1103;CH;03;GDO;EST
71;C1104;Customer name:C1104;I;01;GDO;ITA
71;C1105;Customer name:C1105;E;02;GDO;EST
71;C1106;Customer name:C1106;D;02;GDO;EST
71;C1107;Customer name:C1107;MA;03;GDO;EST
71;C1108;Customer name:C1108;I;01;GDO;ITA
71;C1109;Customer name:C1109;I;01;GDO;ITA
71;C1110;Customer name:C1110;I;01;GDO;ITA
71;C1111;Customer name:C1111;I;01;GDO;ITA
71;C1112;Customer name:C1112;I;01;GDO;ITA
71;C1113;Customer name:C1113;F;02;GDO;EST
71;C1114;Customer name:C1114;I;;GDO;ITA
71;C1116;Customer name:C1116;CH;03;GDO;EST
71;C1117;Customer name:C1117;KSA;03;GDO;EST
71;C1118;Customer name:C1118;CH;;GDO;EST
71;C1119;Customer name:C1119;I;01;GDO;ITA
71;C1120;Customer name:C1120;CH;03;GDO;EST
71;C1121;Customer name:C1121;S;02;GDO;EST
71;C1122;Customer name:C1122;CH;03;GDO;EST
71;C1123;Customer name:C1123;AZE;03;GDO;EST
71;C1124;Customer name:C1124;AE;03;GDO;EST
71;C1125;Customer name:C1125;UKR;03;GDO;EST
71;C1126;Customer name:C1126;I;01;GDO;ITA
71;C1127;Customer name:C1127;DK;02;GDO;EST
71;C1128;Customer name:C1128;I;01;GDO;ITA
71;C1129;Customer name:C1129;VN;03;GDO;EST
71;C1130;Customer name:C1130;ISR;03;GDO;EST
71;C1131;Customer name:C1131;GB;03;GDO;EST
71;C1132;Customer name:C1132;E;02;GDO;EST
71;C1133;Customer name:C1133;TUR;03;GDO;EST
71;C1134;Customer name:C1134;P;02;GDO;EST
71;C1135;Customer name:C1135;F;02;GDO;EST
71;C1136;Customer name:C1136;KSA;03;GDO;EST
71;C1137;Customer name:C1137;I;01;GDO;ITA
71;C1138;Customer name:C1138;TUR;03;GDO;EST
71;C1139;Customer name:C1139;E;02;GDO;EST
71;C1140;Customer name:C1140;NS;02;GDO;EST
71;C1141;Customer name:C1141;IND;03;GDO;EST
71;C1142;Customer name:C1142;SU;03;GDO;EST
71;C1143;Customer name:C1143;I;;E;ITA
71;C1144;Customer name:C1144;I;01;GDO;ITA
71;C1145;Customer name:C1145;CZ;;E;EST
71;C1146;Customer name:C1146;CH;;E;EST
71;C1147;Customer name:C1147;I;;F;ITA
71;C1148;Customer name:C1148;S C;02;GDO;EST
71;C1149;Customer name:C1149;F;02;GDO;EST
71;C1150;Customer name:C1150;USA;;GDO;EST
71;C1151;Customer name:C1151;VN;;GDO;EST
71;C1152;Customer name:C1152;AE;;GDO;EST
71;C1153;Customer name:C1153;FL;02;GDO;EST
71;C1154;Customer name:C1154;VN;03;GDO;EST
71;C1155;Customer name:C1155;RU;;GDO;EST
71;C1156;Customer name:C1156;TUR;;GDO;EST
71;C1157;Customer name:C1157;AE;03;GDO;EST
71;C1158;Customer name:C1158;CH;;GDO;EST
71;C1159;Customer name:C1159;SG;03;GDO;EST
71;C1160;Customer name:C1160;CN;;GDO;EST
71;C1161;Customer name:C1161;I;;GDO;ITA
71;C1162;Customer name:C1162;USA;03;GDO;EST
71;C1163;Customer name:C1163;VN;03;GDO;EST
71;C1164;Customer name:C1164;VN;03;GDO;EST
71;C1165;Customer name:C1165;VN;03;GDO;EST
71;C1166;Customer name:C1166;I;;GDO;ITA
71;C1167;Customer name:C1167;VN;03;GDO;EST
71;C1168;Customer name:C1168;AE;03;GDO;EST
71;C1169;Customer name:C1169;PS;;GDO;EST
71;C1170;Customer name:C1170;AZE;;GDO;EST
71;C1171;Customer name:C1171;AE;;GDO;EST
71;C1172;Customer name:C1172;I;01;GDO;ITA
71;C1173;Customer name:C1173;PL;02;GDO;EST
71;C1174;Customer name:C1174;HK;03;GDO;EST
71;C1175;Customer name:C1175;IE;02;GDO;EST
71;C1176;Customer name:C1176;USA;03;GDO;EST
71;C1178;Customer name:C1178;D;02;GDO;EST
71;C1179;Customer name:C1179;CZ;02;GDO;EST
71;C1180;Customer name:C1180;DKA;02;GDO;EST
71;C1181;Customer name:C1181;I;01;GDO;ITA
71;C1182;Customer name:C1182;F;02;GDO;EST
71;C1183;Customer name:C1183;I;01;GDO;ITA
71;C1184;Customer name:C1184;SF;02;GDO;EST
71;C1185;Customer name:C1185;I;01;GDO;ITA
71;C1186;Customer name:C1186;VN;03;GDO;EST
71;C1187;Customer name:C1187;D;02;GDO;EST
71;C1188;Customer name:C1188;I;01;GDO;ITA
71;C1189;Customer name:C1189;CH;;F;EST
71;C1190;Customer name:C1190;VN;03;GDO;EST
71;C1191;Customer name:C1191;GB;03;GDO;EST
71;C1192;Customer name:C1192;KR;03;GDO;EST
71;C1193;Customer name:C1193;GB;03;GDO;EST
71;C1194;Customer name:C1194;MY;03;GDO;EST
71;C1195;Customer name:C1195;BRA;03;GDO;EST
71;C1197;Customer name:C1197;TUR;03;GDO;EST
71;C1198;Customer name:C1198;I;01;GDO;ITA
71;C1199;Customer name:C1199;KW;03;GDO;EST
71;C1200;Customer name:C1200;MY;03;GDO;EST
71;C1201;Customer name:C1201;CH;03;GDO;EST
71;C1202;Customer name:C1202;RU;03;GDO;EST
71;C1203;Customer name:C1203;CH;03;GDO;EST
71;C1204;Customer name:C1204;KSA;03;GDO;EST
71;C1205;Customer name:C1205;VN;03;GDO;EST
71;C1206;Customer name:C1206;CR;03;GDO;EST
71;C1207;Customer name:C1207;CN;03;GDO;EST
71;C1208;Customer name:C1208;D;02;GDO;EST
71;C1209;Customer name:C1209;N;03;GDO;EST
71;C1210;Customer name:C1210;AE;03;GDO;EST
71;C1211;Customer name:C1211;NL;02;GDO;EST
71;C1212;Customer name:C1212;I;01;GDO;ITA
71;C1213;Customer name:C1213;D;02;GDO;EST
71;C1214;Customer name:C1214;R;02;GDO;EST
71;C1215;Customer name:C1215;D;02;GDO;EST
71;C1216;Customer name:C1216;I;01;GDO;ITA
71;C1217;Customer name:C1217;I;;E;ITA
71;C1218;Customer name:C1218;USA;03;GDO;EST
71;C1219;Customer name:C1219;I;;GDO;ITA
71;C1220;Customer name:C1220;D;;GDO;EST
71;C1221;Customer name:C1221;I;01;GDO;ITA
71;C1222;Customer name:C1222;E;02;GDO;EST
71;C1223;Customer name:C1223;USA;;GDO;EST
71;C1224;Customer name:C1224;D;;GDO;EST
71;C1225;Customer name:C1225;SG;03;GDO;EST
71;C1226;Customer name:C1226;E;02;GDO;EST
71;C1227;Customer name:C1227;TUR;03;GDO;EST
71;C1228;Customer name:C1228;F;02;GDO;EST
71;C1229;Customer name:C1229;R;;GDO;EST
71;C1230;Customer name:C1230;PE;03;GDO;EST
71;C1231;Customer name:C1231;KSA;03;GDO;EST
71;C1232;Customer name:C1232;I;01;GDO;ITA
71;C1233;Customer name:C1233;LV;02;GDO;EST
71;C1234;Customer name:C1234;CH;;GDO;EST
71;C1235;Customer name:C1235;R;02;GDO;EST
71;C1236;Customer name:C1236;TUR;03;GDO;EST
71;C1237;Customer name:C1237;CZ;02;GDO;EST
71;C1238;Customer name:C1238;RSM;03;GDO;EST
71;C1239;Customer name:C1239;GB;03;GDO;EST
71;C1240;Customer name:C1240;I;01;GDO;ITA
71;C1241;Customer name:C1241;CN;03;GDO;EST
71;C1242;Customer name:C1242;I;;GDO;ITA
71;C1243;Customer name:C1243;R;;E;EST
71;C1244;Customer name:C1244;I;01;GDO;ITA
71;C1245;Customer name:C1245;A;02;GDO;EST
71;C1246;Customer name:C1246;VE;03;GDO;EST
71;C1247;Customer name:C1247;R;02;GDO;EST
71;C1248;Customer name:C1248;I;01;GDO;ITA
71;C1249;Customer name:C1249;E;02;GDO;EST
71;C1250;Customer name:C1250;HR;;GDO;EST
71;C1251;Customer name:C1251;GB;03;GDO;EST
71;C1252;Customer name:C1252;I;01;GDO;ITA
71;C1253;Customer name:C1253;CH;03;GDO;EST
71;C1254;Customer name:C1254;R;;GDO;EST
71;C1255;Customer name:C1255;I;01;GDO;ITA
71;C1256;Customer name:C1256;D;02;GDO;EST
71;C1257;Customer name:C1257;I;;GDO;ITA
71;C1258;Customer name:C1258;EC;03;GDO;EST
71;C1259;Customer name:C1259;I;01;GDO;ITA
71;C1260;Customer name:C1260;EG;03;GDO;EST
71;C1261;Customer name:C1261;IQ;03;GDO;EST
71;C1262;Customer name:C1262;DOM;03;GDO;EST
71;C9000003;Customer name:C9000003;GB;03;GDO;EST
71;C9000004;Customer name:C9000004;GB;;GDO;EST
